Deborah White,dWhite@addressbook.com,YZKC7f,Female,8661370562,426 Cleveland Avenue,Amaya,United States
Marilyn Stewart,mStewart@addressbook.com,cxPuD7,Female,8999439160,798 Eagle Road,Austertana,Norway
Janet Martinez,jMartinez@addressbook.com,kNmJ85,Female,9306308805,628 Eagle Road,Bamburgh,England
Billy Collins,bCollins@addressbook.com,MwBxvT,Male,8180310696,290 Heather Lane,Basalt,United States
Jesse Simmons,jSimmons@addressbook.com,r4WEKR,Male,7735847899,663 Washington Avenue,Basingstoke,England
Frank White,fWhite@addressbook.com,ZDWwG4,Male,9279471197,531 East Avenue,Bebington,England
Margaret Carter,mCarter@addressbook.com,zU3v7t,Female,8947344924,794 Hillside Drive,Bergunnhaugen,Norway
Bobby Wood,bWood@addressbook.com,b5eSXM,Male,8907751824,321 Route 10,Bloomfield,United States
Adam Kelly,aKelly@addressbook.com,TdxH3D,Male,8081863678,107 Oak Street,Boulevard,United States
Doris Bryant,dBryant@addressbook.com,mWNdGU,Female,9795276594,492 Lexington Court,Brougham,England
Mildred Cooper,mCooper@addressbook.com,PPebNm,Female,9917552460,825 Garfield Avenue,Buro,Norway
Craig Sanchez,cSanchez@addressbook.com,MmEj6M,Male,9557464093,363 Spring Street,Butte,United States
George Richardson,gRichardson@addressbook.com,z52bmF,Male,8348682693,542 Canterbury Court,Castor,England
Tammy Mitchell,tMitchell@addressbook.com,jDkspe,Female,8298732674,936 8th Street,Charamba,Zimbabwe
Robert Young,rYoung@addressbook.com,jXsAqC,Male,9707838784,88 Locust Street,Chidonitofaraseyi,Zimbabwe
Sean Watson,sWatson@addressbook.com,VkdEa6,Male,9598974659,918 Highland Drive,Chingozhoro,Zimbabwe
Philip Murphy,pMurphy@addressbook.com,d5RTRL,Male,9240592149,863 Bridge Street,Chizema,Zimbabwe
Andrea Baker,aBaker@addressbook.com,PvxTaT,Female,7837642518,16 Monroe Street,Colonial Heights,United States
Amy Roberts,aRoberts@addressbook.com,QwVwfQ,Female,9993165210,135 Manor Drive,Denhoff,United States
Irene Foster,iFoster@addressbook.com,AZu7Kj,Female,8415647432,616 Pearl Street,Dorchester,England
Gregory Parker,gParker@addressbook.com,sdscxr,Male,8395942405,549 Hawthorne Lane,Dorking,England
Helen Hall,hHall@addressbook.com,LLWBkP,Female,9024455252,561 Sunset Drive,Dunmow,England
Barbara Diaz,bDiaz@addressbook.com,Rtecfu,Female,9275022272,260 Park Street,East Foothills,United States
Clarence Peterson,cPeterson@addressbook.com,ZzrSas,Male,9672952913,36 Chestnut Avenue,East Liberty,United States
Julie Scott,jScott@addressbook.com,psCjKX,Female,7916897707,684 Chestnut Avenue,Eig,Norway
Beverly Jones,bJones@addressbook.com,sPrnvU,Female,8674441531,272 Academy Street,Ellenton,United States
David Rodriguez,dRodriguez@addressbook.com,FxJ5VG,Male,8762403118,393 5th Avenue,Flemingsburg,United States
Arthur Lopez,aLopez@addressbook.com,FR3WQ3,Male,7916678176,257 Highland Drive,Foot of Ten,United States
Martin Griffin,mGriffin@addressbook.com,aR9wWA,Male,8950398293,804 Ridge Street,Forsnes,Norway
Bruce Wright,bWright@addressbook.com,Bxphxh,Male,8422422824,326 Poplar Street,Frank,United States
Lawrence Brown,lBrown@addressbook.com,JkfbqH,Male,9468502768,789 Prospect Avenue,Galta,Norway
Albert Butler,aButler@addressbook.com,vey8AK,Male,8196288759,134 Madison Avenue,Green Ridge,United States
Nicholas Gonzalez,nGonzalez@addressbook.com,gSN4Ns,Male,7944189492,841 Strawberry Lane,Gwelutshena,Zimbabwe
Joseph Phillips,jPhillips@addressbook.com,ZG9Kk8,Male,8365708713,680 7th Street,Haltdalen,Norway
Larry Coleman,lColeman@addressbook.com,py6aPG,Male,9214126889,764 Cherry Lane,Hegge,Norway
Jane Richardson,jRichardson@addressbook.com,XbgGDR,Female,8669742482,625 River Road,Horsham,England
Kelly Perry,kPerry@addressbook.com,mFdYYs,Female,9174795591,745 Front Street,Hvitstein,Norway
Virginia Campbell,vCampbell@addressbook.com,F2r59V,Female,7994752921,964 Holly Drive,Inyathi,Zimbabwe
Anna Cook,aCook@addressbook.com,Dpazeh,Female,8905894212,196 Monroe Street,Island City,United States
Paul Washington,pWashington@addressbook.com,T8TmLk,Male,8489205151,854 Circle Drive,Johannes,Zimbabwe
Nicole Rodriguez,nRodriguez@addressbook.com,3sZzXx,Female,8386662443,846 Canterbury Court,Kanjera,Zimbabwe
Mary Griffin,mGriffin@addressbook.com,pWQsg4,Female,8046172022,821 High Street,Kiberg,Norway
Laura Green,lGreen@addressbook.com,LZBz8V,Female,9495226852,764 West Street,Kurraasen,Norway
Louis Hall,lHall@addressbook.com,swgq8K,Male,8977931785,79 Homestead Drive,Kvitnoes,Norway
Jessica Price,jPrice@addressbook.com,nQQ5t6,Female,8630156306,665 Cambridge Court,Landercost,England
Kenneth Cooper,kCooper@addressbook.com,rP47EL,Male,9831928621,750 Mill Road,Lavvonjargga,Norway
Donald Perez,dPerez@addressbook.com,WZjyTR,Male,9504326169,486 Roosevelt Avenue,Lichfield,England
Louise Morris,lMorris@addressbook.com,Vn7eTJ,Female,9711338385,790 Hillside Drive,Likvern,Norway
Debra Clark,dClark@addressbook.com,GmT4uu,Female,7987742969,429 Cemetery Road,Lincroft,United States
Anne Kelly,aKelly@addressbook.com,Y7faat,Female,8802466227,22 B Street,Littlefield,United States
Earl Thomas,eThomas@addressbook.com,QN5skc,Male,9218820078,519 Route 27,LLawhaden,England
Maria Evans,mEvans@addressbook.com,3KpqQE,Female,9021203149,795 Madison Street,Lonin,Norway
Gerald Nelson,gNelson@addressbook.com,jQLjYQ,Male,9695909771,543 Country Lane,Lyme,England
Jeffrey Sanders,jSanders@addressbook.com,cdKh2v,Male,8764613285,658 Clinton Street,Machylleth,England
Jacqueline Lopez,jLopez@addressbook.com,RwkDLx,Female,9753070420,620 Hillcrest Drive,Malmesbury,England
Norma Wood,nWood@addressbook.com,ux2J3u,Female,9140687385,851 George Street,Mapolisa,Zimbabwe
Diane Harris,dHarris@addressbook.com,SDhZ7b,Female,9809359136,432 Monroe Drive,Monon,United States
Jack Robinson,jRobinson@addressbook.com,3t2n4R,Male,8604495259,617 Franklin Court,Morecambe,England
Roger Garcia,rGarcia@addressbook.com,tNeNmY,Male,7985438002,903 Green Street,Muchiriri-Zenda,Zimbabwe
Shawn Davis,sDavis@addressbook.com,Mdvxkt,Male,9084427261,924 4th Street,Muduma,Zimbabwe
Ruth Ramirez,rRamirez@addressbook.com,QZuwfy,Female,9169345730,905 7th Avenue,Mungesi,Zimbabwe
Wayne Thompson,wThompson@addressbook.com,UqmU2U,Male,9507617960,965 Route 100,Murwiri,Zimbabwe
Victor Russell,vRussell@addressbook.com,VWqpH7,Male,8538092497,963 College Avenue,Mushaikwa,Zimbabwe
Timothy Alexander,tAlexander@addressbook.com,7Qy7dM,Male,8038768025,957 Elmwood Avenue,Muziomutsha,Zimbabwe
Rachel Wright,rWright@addressbook.com,XRnmnH,Female,9901802870,87 Penn Street,Mvudhlana,Zimbabwe
Tina Robinson,tRobinson@addressbook.com,aNsXKK,Female,9058526827,961 Jones Street,Navimadzanwa,Zimbabwe
Betty King,bKing@addressbook.com,QPD3Um,Female,9828352449,268 Belmont Avenue,Neosho Falls,United States
Susan Patterson,sPatterson@addressbook.com,SrUN6d,Female,9651997406,930 Augusta Drive,Neruwembo,Zimbabwe
Frances Anderson,fAnderson@addressbook.com,eSkKEN,Female,8341847523,527 5th Street North,Newmarket,England
Randy Ward,rWard@addressbook.com,SdfxtU,Male,9138787702,88 Central Avenue,Nhengo,Zimbabwe
Cynthia Williams,cWilliams@addressbook.com,xuSvvP,Female,8711869428,385 Williams Street,North Pearsall,United States
Jerry Bell,jBell@addressbook.com,kFTkSC,Male,8456098269,659 Mulberry Street,Oxted,England
Sarah Long,sLong@addressbook.com,xN8Nea,Female,7838118388,91 Grant Avenue,Pelendaba,Zimbabwe
Christina Sanders,cSanders@addressbook.com,UZXtmH,Female,9877617372,333 Eagle Road,Pilot Mound,United States
Chris Williams,cWilliams@addressbook.com,wSnCXX,Male,9042459121,331 Fairview Road,Port Dickinson,United States
Judith Moore,jMoore@addressbook.com,U7SeCv,Female,9297904673,682 Country Lane,Rausand,Norway
Fred Price,fPrice@addressbook.com,Sr8mVE,Male,8185591073,537 Lafayette Avenue,Ravensworth,England
Harry Rivera,hRivera@addressbook.com,4VG384,Male,9521526672,557 Columbia Street,Richmond,England
Henry Taylor,hTaylor@addressbook.com,3NqMuw,Male,9115429399,587 Aspen Drive,Romsey,England
Ernest Smith,eSmith@addressbook.com,MmPVk4,Male,7917110362,523 Schoolhouse Lane,Saurm,England
Scott Barnes,sBarnes@addressbook.com,kZ34xK,Male,8105039652,917 Country Club Road,Seke,Zimbabwe
William Evans,wEvans@addressbook.com,Fh3fkw,Male,8244964044,998 Elmwood Avenu,Seki,Zimbabwe
Judy Henderson,jHenderson@addressbook.com,U3VYD8,Female,9888571369,682 Valley Road,Sesaas,Norway
Benjamin Cox,bCox@addressbook.com,k5R6Er,Male,9841885861,262 Railroad Street,Shell Knob,United States
Thomas Howard,tHoward@addressbook.com,pGVa2G,Male,7854679916,940 Vine Street,Sigaqana,Zimbabwe
Michael James,mJames@addressbook.com,NcUH5y,Male,8115004369,824 Court Street,Skaaren,Norway
Karen Hernandez,kHernandez@addressbook.com,ZzuAvD,Female,7929193863,689 York Street,Skjelbostad,Norway
Nancy Jenkins,nJenkins@addressbook.com,trQct6,Female,9577884874,84 South Street,Slaattnes,Norway
Ann Smith,aSmith@addressbook.com,NsjtvV,Female,9462762654,169 Willow Avenue,St. Mary of the Woods,United States
Alice Murphy,aMurphy@addressbook.com,Fa258E,Female,8192924731,134 Sherman Street,Stanaford,United States
Jason Moore,jMoore@addressbook.com,4fL5dH,Male,8341375390,630 Route 32,Startford,England
Donna Lee,dLee@addressbook.com,WEKqk7,Female,7875721523,488 Hill Street,Stoesay,England
Paula Martin,pMartin@addressbook.com,rQYVLu,Female,7836385509,86 John Street,Tavafumisa,Zimbabwe
Martha Thompson,mThompson@addressbook.com,whXABj,Female,9953775397,8 Hillcrest Avenue,Trollfjordbotn,Norway
Jose Walker,jWalker@addressbook.com,sUxsjG,Male,8753562525,676 Route 2,Valdres,Norway
Juan Clark,jClark@addressbook.com,ZayvNy,Male,9417173559,680 Locust Street,Vasstrand,Norway
Lois Taylor,lTaylor@addressbook.com,7Zk6bh,Female,8676468815,789 Shady Lane,Vebbestad,Norway
Kathryn Sanchez,kSanchez@addressbook.com,vVPCkt,Female,9525103981,712 Route 11,Visnes,Norway
Shirley Howard,sHoward@addressbook.com,ER2asC,Female,9556356202,925 East Street,Vrede,Zimbabwe
Harold Harris,hHarris@addressbook.com,SFpWYx,Male,8146495798,550 Heritage Drive,Wenlock,England
